<?xml version="1.0" encoding="UTF-8"?>
<teamcity-plugin xmlns:xsi="http://www.w3.org/2001/XMLSchema-instance" xsi:noNamespaceSchemaLocation="urn:shemas-jetbrains-com:teamcity-plugin-v1-xml">
  <info>
    <name>NDepend</name>
    <display-name>NDepend</display-name>
    <version>snapshot-20151602104922</version>
    <description>Run an NDepend analysis as part of your build process. Add a report tab to show the NDepend report. Rule violations are mapped as Code Inspections for review in the Code Inspections tab. Options to store trends and compare analysis versus past builds.</description>
    <download-url>http://www.ndepend.com</download-url>
    <email>support@NDepend.com</email>
    <vendor>
      <name>Patrick Smacchia</name>
      <url>http://www.ndepend.com</url>
      <logo></logo>
    </vendor>
  </info>
  <deployment use-separate-classloader="true" />
</teamcity-plugin>
